"0","nested.multi <- nested.multi %>% "
"0","  mutate(param = map2(train.x, train.y, ~list(.x, .y)),"
"0","         model = invoke_map(model,param))"
"2","Setting row names on a tibble is deprecated."
"2","Setting row names on a tibble is deprecated."
"2","Setting row names on a tibble is deprecated."
"2","Setting row names on a tibble is deprecated."
"2","Setting row names on a tibble is deprecated."
"2","Setting row names on a tibble is deprecated."
"2","Setting row names on a tibble is deprecated."
"2","Setting row names on a tibble is deprecated."
"2","Setting row names on a tibble is deprecated."
"2","Setting row names on a tibble is deprecated."
"2","Setting row names on a tibble is deprecated."
"2","Setting row names on a tibble is deprecated."
"2","Setting row names on a tibble is deprecated."
"2","Setting row names on a tibble is deprecated."
"2","Setting row names on a tibble is deprecated."
"2","Setting row names on a tibble is deprecated."
"2","Setting row names on a tibble is deprecated."
"2","Setting row names on a tibble is deprecated."
"2","Setting row names on a tibble is deprecated."
"2","Setting row names on a tibble is deprecated."
"2","Setting row names on a tibble is deprecated."
"2","Setting row names on a tibble is deprecated."
"2","Setting row names on a tibble is deprecated."
"2","Setting row names on a tibble is deprecated."
"2","Setting row names on a tibble is deprecated."
"2","Setting row names on a tibble is deprecated."
"2","Setting row names on a tibble is deprecated."
"2","Setting row names on a tibble is deprecated."
"2","Setting row names on a tibble is deprecated."
"2","Setting row names on a tibble is deprecated."
"2","Setting row names on a tibble is deprecated."
"2","Setting row names on a tibble is deprecated."
"2","Setting row names on a tibble is deprecated."
"2","Setting row names on a tibble is deprecated."
"2","Setting row names on a tibble is deprecated."
"2","Setting row names on a tibble is deprecated."
"2","Setting row names on a tibble is deprecated."
"2","Setting row names on a tibble is deprecated."
"2","Setting row names on a tibble is deprecated."
"2","Setting row names on a tibble is deprecated."
"2","Setting row names on a tibble is deprecated."
"2","Setting row names on a tibble is deprecated."
"2","Setting row names on a tibble is deprecated."
"2","Setting row names on a tibble is deprecated."
"2","Setting row names on a tibble is deprecated."
"2","Setting row names on a tibble is deprecated."
"2","Setting row names on a tibble is deprecated."
"2","Setting row names on a tibble is deprecated."
"2","Setting row names on a tibble is deprecated."
"2","Setting row names on a tibble is deprecated."
"2","Setting row names on a tibble is deprecated."
"2","Setting row names on a tibble is deprecated."
"2","Setting row names on a tibble is deprecated."
"2","Setting row names on a tibble is deprecated."
"2","Setting row names on a tibble is deprecated."
"2","Setting row names on a tibble is deprecated."
"2","Setting row names on a tibble is deprecated."
"2","Setting row names on a tibble is deprecated."
"2","Setting row names on a tibble is deprecated."
"2","Setting row names on a tibble is deprecated."
"2","Setting row names on a tibble is deprecated."
"2","Setting row names on a tibble is deprecated."
"2","Setting row names on a tibble is deprecated."
"2","Setting row names on a tibble is deprecated."
"2","Setting row names on a tibble is deprecated."
"2","Setting row names on a tibble is deprecated."
"2","Setting row names on a tibble is deprecated."
"2","Setting row names on a tibble is deprecated."
"2","Setting row names on a tibble is deprecated."
"2","Setting row names on a tibble is deprecated."
"2","Setting row names on a tibble is deprecated."
"2","Setting row names on a tibble is deprecated."
"2","Setting row names on a tibble is deprecated."
"2","Setting row names on a tibble is deprecated."
"2","Setting row names on a tibble is deprecated."
"2","Setting row names on a tibble is deprecated."
"2","Setting row names on a tibble is deprecated."
"2","Setting row names on a tibble is deprecated."
"2","Setting row names on a tibble is deprecated."
"2","Setting row names on a tibble is deprecated."
"2","Setting row names on a tibble is deprecated."
"2","Setting row names on a tibble is deprecated."
"2","Setting row names on a tibble is deprecated."
"2","Setting row names on a tibble is deprecated."
"2","Setting row names on a tibble is deprecated."
"2","Setting row names on a tibble is deprecated."
"2","Setting row names on a tibble is deprecated."
"2","Setting row names on a tibble is deprecated."
"2","Setting row names on a tibble is deprecated."
"2","Setting row names on a tibble is deprecated."
"2","Setting row names on a tibble is deprecated."
"2","Setting row names on a tibble is deprecated."
"2","Setting row names on a tibble is deprecated."
"2","Setting row names on a tibble is deprecated."
"2","Setting row names on a tibble is deprecated."
"2","Setting row names on a tibble is deprecated."
"2","Setting row names on a tibble is deprecated."
"2","Setting row names on a tibble is deprecated."
"2","Setting row names on a tibble is deprecated."
"2","Setting row names on a tibble is deprecated."
"2","Setting row names on a tibble is deprecated."
"2","Setting row names on a tibble is deprecated."
"2","Setting row names on a tibble is deprecated."
"2","Setting row names on a tibble is deprecated."
"2","Setting row names on a tibble is deprecated."
"2","Setting row names on a tibble is deprecated."
"2","Setting row names on a tibble is deprecated."
"2","Setting row names on a tibble is deprecated."
"2","Setting row names on a tibble is deprecated."
"2","Setting row names on a tibble is deprecated."
"2","Setting row names on a tibble is deprecated."
"2","Setting row names on a tibble is deprecated."
"2","Setting row names on a tibble is deprecated."
"2","Setting row names on a tibble is deprecated."
"2","Setting row names on a tibble is deprecated."
"2","Setting row names on a tibble is deprecated."
"2","Setting row names on a tibble is deprecated."
"2","Setting row names on a tibble is deprecated."
"2","Setting row names on a tibble is deprecated."
"2","Setting row names on a tibble is deprecated."
"2","Setting row names on a tibble is deprecated."
"2","Setting row names on a tibble is deprecated."
"2","Setting row names on a tibble is deprecated."
"2","Setting row names on a tibble is deprecated."
"2","Setting row names on a tibble is deprecated."
"2","Setting row names on a tibble is deprecated."
"2","Setting row names on a tibble is deprecated."
"2","Setting row names on a tibble is deprecated."
"2","Setting row names on a tibble is deprecated."
"2","Setting row names on a tibble is deprecated."
"2","Setting row names on a tibble is deprecated."
"2","Setting row names on a tibble is deprecated."
"2","Setting row names on a tibble is deprecated."
"2","Setting row names on a tibble is deprecated."
"2","Setting row names on a tibble is deprecated."
"2","Setting row names on a tibble is deprecated."
"2","Setting row names on a tibble is deprecated."
"2","Setting row names on a tibble is deprecated."
"2","Setting row names on a tibble is deprecated."
"2","Setting row names on a tibble is deprecated."
"2","Setting row names on a tibble is deprecated."
"2","Setting row names on a tibble is deprecated."
"2","Setting row names on a tibble is deprecated."
"2","Setting row names on a tibble is deprecated."
"2","Setting row names on a tibble is deprecated."
"2","Setting row names on a tibble is deprecated."
"2","Setting row names on a tibble is deprecated."
"2","Setting row names on a tibble is deprecated."
"2","Setting row names on a tibble is deprecated."
"2","Setting row names on a tibble is deprecated."
"2","Setting row names on a tibble is deprecated."
"2","Setting row names on a tibble is deprecated."
"2","Setting row names on a tibble is deprecated."
"2","Setting row names on a tibble is deprecated."
"2","Setting row names on a tibble is deprecated."
"2","Setting row names on a tibble is deprecated."
"2","Setting row names on a tibble is deprecated."
"2","Setting row names on a tibble is deprecated."
"2","Setting row names on a tibble is deprecated."
"2","Setting row names on a tibble is deprecated."
"2","Setting row names on a tibble is deprecated."
"2","Setting row names on a tibble is deprecated."
"2","Setting row names on a tibble is deprecated."
"2","Setting row names on a tibble is deprecated."
"2","Setting row names on a tibble is deprecated."
"2","Setting row names on a tibble is deprecated."
"2","Setting row names on a tibble is deprecated."
"2","Setting row names on a tibble is deprecated."
"2","Setting row names on a tibble is deprecated."
"2","Setting row names on a tibble is deprecated."
"2","Setting row names on a tibble is deprecated."
"2","Setting row names on a tibble is deprecated."
"2","Setting row names on a tibble is deprecated."
"2","Setting row names on a tibble is deprecated."
"2","Setting row names on a tibble is deprecated."
"2","Setting row names on a tibble is deprecated."
"2","Setting row names on a tibble is deprecated."
"2","Setting row names on a tibble is deprecated."
"2","Setting row names on a tibble is deprecated."
"2","Setting row names on a tibble is deprecated."
"2","Setting row names on a tibble is deprecated."
"2","Setting row names on a tibble is deprecated."
"2","Setting row names on a tibble is deprecated."
"2","Setting row names on a tibble is deprecated."
"2","Setting row names on a tibble is deprecated."
"2","Setting row names on a tibble is deprecated."
"2","Setting row names on a tibble is deprecated."
"2","Setting row names on a tibble is deprecated."
"2","Setting row names on a tibble is deprecated."
"2","Setting row names on a tibble is deprecated."
"2","Setting row names on a tibble is deprecated."
"2","Setting row names on a tibble is deprecated."
"2","Setting row names on a tibble is deprecated."
"2","Setting row names on a tibble is deprecated."
"2","Setting row names on a tibble is deprecated."
"2","Setting row names on a tibble is deprecated."
"2","Setting row names on a tibble is deprecated."
"2","Setting row names on a tibble is deprecated."
"2","Setting row names on a tibble is deprecated."
"2","Setting row names on a tibble is deprecated."
"2","Setting row names on a tibble is deprecated."
"2","Setting row names on a tibble is deprecated."
"2","Setting row names on a tibble is deprecated."
"2","Setting row names on a tibble is deprecated."
"2","Setting row names on a tibble is deprecated."
"2","Setting row names on a tibble is deprecated."
"2","Setting row names on a tibble is deprecated."
"2","Setting row names on a tibble is deprecated."
"2","Setting row names on a tibble is deprecated."
"2","Setting row names on a tibble is deprecated."
"2","Setting row names on a tibble is deprecated."
"2","Setting row names on a tibble is deprecated."
"2","Setting row names on a tibble is deprecated."
"2","Setting row names on a tibble is deprecated."
"2","Setting row names on a tibble is deprecated."
"2","Setting row names on a tibble is deprecated."
"2","Setting row names on a tibble is deprecated."
"2","Setting row names on a tibble is deprecated."
"2","Setting row names on a tibble is deprecated."
"2","Setting row names on a tibble is deprecated."
"2","Setting row names on a tibble is deprecated."
"2","Setting row names on a tibble is deprecated."
"2","Setting row names on a tibble is deprecated."
"2","Setting row names on a tibble is deprecated."
"2","Setting row names on a tibble is deprecated."
"2","Setting row names on a tibble is deprecated."
"2","Setting row names on a tibble is deprecated."
"2","Setting row names on a tibble is deprecated."
"2","Setting row names on a tibble is deprecated."
"2","Setting row names on a tibble is deprecated."
"2","Setting row names on a tibble is deprecated."
"2","Setting row names on a tibble is deprecated."
"2","Setting row names on a tibble is deprecated."
"2","Setting row names on a tibble is deprecated."
"2","Setting row names on a tibble is deprecated."
"2","Setting row names on a tibble is deprecated."
"2","Setting row names on a tibble is deprecated."
"2","Setting row names on a tibble is deprecated."
"2","Setting row names on a tibble is deprecated."
"2","Setting row names on a tibble is deprecated."
"2","Setting row names on a tibble is deprecated."
"2","Setting row names on a tibble is deprecated."
"2","Setting row names on a tibble is deprecated."
"2","Setting row names on a tibble is deprecated."
"2","Setting row names on a tibble is deprecated."
"2","Setting row names on a tibble is deprecated."
"2","Setting row names on a tibble is deprecated."
"2","Setting row names on a tibble is deprecated."
"2","Setting row names on a tibble is deprecated."
"2","Setting row names on a tibble is deprecated."
"2","Setting row names on a tibble is deprecated."
"2","Setting row names on a tibble is deprecated."
"2","Setting row names on a tibble is deprecated."
"2","Setting row names on a tibble is deprecated."
"2","Setting row names on a tibble is deprecated."
"2","Setting row names on a tibble is deprecated."
"2","Setting row names on a tibble is deprecated."
"2","Setting row names on a tibble is deprecated."
"2","Setting row names on a tibble is deprecated."
"2","Setting row names on a tibble is deprecated."
"2","Setting row names on a tibble is deprecated."
"2","Setting row names on a tibble is deprecated."
"2","Setting row names on a tibble is deprecated."
"2","Setting row names on a tibble is deprecated."
"2","Setting row names on a tibble is deprecated."
"2","Setting row names on a tibble is deprecated."
"2","Setting row names on a tibble is deprecated."
"2","Setting row names on a tibble is deprecated."
"2","Setting row names on a tibble is deprecated."
"2","Setting row names on a tibble is deprecated."
"2","Setting row names on a tibble is deprecated."
"2","Setting row names on a tibble is deprecated."
"2","Setting row names on a tibble is deprecated."
"2","Setting row names on a tibble is deprecated."
"2","Setting row names on a tibble is deprecated."
"2","Setting row names on a tibble is deprecated."
"2","Setting row names on a tibble is deprecated."
"2","Setting row names on a tibble is deprecated."
"2","Setting row names on a tibble is deprecated."
"2","Setting row names on a tibble is deprecated."
"2","Setting row names on a tibble is deprecated."
"2","Setting row names on a tibble is deprecated."
"2","Setting row names on a tibble is deprecated."
"2","Setting row names on a tibble is deprecated."
"2","Setting row names on a tibble is deprecated."
"2","Setting row names on a tibble is deprecated."
"2","Setting row names on a tibble is deprecated."
"2","Setting row names on a tibble is deprecated."
"2","Setting row names on a tibble is deprecated."
"2","Setting row names on a tibble is deprecated."
"2","Setting row names on a tibble is deprecated."
"2","Setting row names on a tibble is deprecated."
"2","Setting row names on a tibble is deprecated."
"2","Setting row names on a tibble is deprecated."
"2","Setting row names on a tibble is deprecated."
"2","Setting row names on a tibble is deprecated."
"2","Setting row names on a tibble is deprecated."
"2","Setting row names on a tibble is deprecated."
"2","Setting row names on a tibble is deprecated."
"2","Setting row names on a tibble is deprecated."
"2","Setting row names on a tibble is deprecated."
"2","Setting row names on a tibble is deprecated."
"2","Setting row names on a tibble is deprecated."
"2","Setting row names on a tibble is deprecated."
"2","Setting row names on a tibble is deprecated."
"2","Setting row names on a tibble is deprecated."
"2","Setting row names on a tibble is deprecated."
"2","Setting row names on a tibble is deprecated."
"2","Setting row names on a tibble is deprecated."
"2","Setting row names on a tibble is deprecated."
"2","Setting row names on a tibble is deprecated."
"2","Setting row names on a tibble is deprecated."
"2","Setting row names on a tibble is deprecated."
"2","Setting row names on a tibble is deprecated."
"2","Setting row names on a tibble is deprecated."
"2","Setting row names on a tibble is deprecated."
"2","Setting row names on a tibble is deprecated."
"2","Setting row names on a tibble is deprecated."
"2","Setting row names on a tibble is deprecated."
"2","Setting row names on a tibble is deprecated."
"2","Setting row names on a tibble is deprecated."
"2","Setting row names on a tibble is deprecated."
"2","Setting row names on a tibble is deprecated."
"2","Setting row names on a tibble is deprecated."
"2","predictions failed for Fold2.Rep1: maxdepth=5 Error in approx(x[, ""nsplit""], x[, ""CP""], depth) : 
  need at least two non-NA values to interpolate
"
"2","Setting row names on a tibble is deprecated."
"2","Setting row names on a tibble is deprecated."
"2","Setting row names on a tibble is deprecated."
"2","There were missing values in resampled performance measures."
"2","Setting row names on a tibble is deprecated."
"0","nested.multi"
